{"accuracy": [0.6631666421890259, 0.9205333590507507, 0.9509166479110718, 0.9621166586875916, 0.9680333137512207, 0.9736999869346619], "loss": [0.9744423627853394, 0.26852118968963623, 0.17312495410442352, 0.134173184633255, 0.11415945738554001, 0.09405640512704849], "val_accuracy": [0.9223999977111816, 0.9448999762535095, 0.9688000082969666, 0.9688000082969666, 0.9763000011444092, 0.9751999974250793], "val_loss": [0.2537100315093994, 0.17541082203388214, 0.10166876763105392, 0.10166635364294052, 0.07670702785253525, 0.08047305047512054]}