{"accuracy": [0.704633355140686, 0.9280333518981934], "loss": [0.8830903768539429, 0.25485727190971375], "val_accuracy": [0.9279000163078308, 0.9362000226974487], "val_loss": [0.2614299952983856, 0.22548283636569977]}